Global_Frame_ID,Object_ID,Class_ID,Centroid_X,Centroid_Y,Size_Pixels,Size_um2,Polygon_Coords,Image_Path
0,1,0,1212,721,57604,0,"1333,192;1208,336;1180,292;1166,314;1195,381;1193,459;1114,489;1103,467;1129,466;1084,434;1153,424;1093,413;1066,427;1068,499;1041,467;985,507;966,484;966,531;1001,534;1030,504;1152,507;1191,479;1198,562;1245,569;1232,527;1256,486;1247,461;1330,425;1260,430;1322,407;1266,388;1309,286;1246,368;1226,345",/mnt/Zebrafish_24TB/Mahmood-Yousaf-Data/TAAM-Track-Any-Aquatic-Model/TAAM_Workspace/TAAM_Workspace/Datasets/Exp_1/sampling_pool/v_0_0000_656.jpg
0,2,0,1509,540,33465,0,"691,8;695,13;704,7;706,10;701,25;693,29;704,34;696,39;704,44;712,36;720,40;741,39;749,43;757,41;751,25;746,27;744,36;739,38;723,35;709,24;712,20;724,24;731,18;728,13;730,11;734,12;733,18;741,23;754,18;745,13;745,0;737,0;733,5;728,0;721,0;717,6;708,6;705,0;702,0;701,4",/mnt/Zebrafish_24TB/Mahmood-Yousaf-Data/TAAM-Track-Any-Aquatic-Model/TAAM_Workspace/TAAM_Workspace/Datasets/Exp_1/sampling_pool/v_0_0000_656.jpg
1,1,0,1224,603,38194,0,"1324,201;1237,316;1205,334;1180,298;1171,303;1196,382;1186,419;1196,455;1145,485;1124,473;1121,487;1081,498;1149,505;1192,480;1190,547;1208,575;1238,574;1252,557;1232,535;1246,483;1264,508;1251,456;1330,437;1271,435;1324,409;1269,388;1310,290;1298,289;1249,369;1229,347",/mnt/Zebrafish_24TB/Mahmood-Yousaf-Data/TAAM-Track-Any-Aquatic-Model/TAAM_Workspace/TAAM_Workspace/Datasets/Exp_1/sampling_pool/v_0_0001_106.jpg
1,2,0,1873,651,22011,0,"2267,341;2237,428;2215,466;2186,594;2157,687;2120,761;2121,774;2134,765;2160,720;2218,537;2228,467;2263,389",/mnt/Zebrafish_24TB/Mahmood-Yousaf-Data/TAAM-Track-Any-Aquatic-Model/TAAM_Workspace/TAAM_Workspace/Datasets/Exp_1/sampling_pool/v_0_0001_106.jpg
2,1,0,1225,597,37665,0,"1324,202;1237,318;1200,335;1171,300;1196,385;1186,423;1195,456;1143,486;1124,475;1122,489;1082,498;1147,505;1194,479;1190,551;1208,577;1251,563;1234,532;1245,485;1265,508;1252,457;1329,444;1261,441;1325,409;1267,393;1312,296;1299,296;1258,365;1230,357",/mnt/Zebrafish_24TB/Mahmood-Yousaf-Data/TAAM-Track-Any-Aquatic-Model/TAAM_Workspace/TAAM_Workspace/Datasets/Exp_1/sampling_pool/v_0_0002_570.jpg
2,2,0,1897,653,21264,0,"2293,262;2242,414;2215,466;2186,593;2119,776;2134,766;2160,720;2197,614;2228,467;2263,388",/mnt/Zebrafish_24TB/Mahmood-Yousaf-Data/TAAM-Track-Any-Aquatic-Model/TAAM_Workspace/TAAM_Workspace/Datasets/Exp_1/sampling_pool/v_0_0002_570.jpg
3,1,0,1225,596,39317,0,"1321,204;1238,322;1227,312;1205,335;1171,302;1164,315;1195,386;1186,425;1196,456;1143,486;1124,476;1124,489;1080,498;1143,506;1193,479;1190,555;1208,579;1238,579;1252,562;1235,540;1242,491;1266,509;1251,466;1327,452;1260,445;1325,409;1266,397;1317,301;1302,296;1255,373;1231,356",/mnt/Zebrafish_24TB/Mahmood-Yousaf-Data/TAAM-Track-Any-Aquatic-Model/TAAM_Workspace/TAAM_Workspace/Datasets/Exp_1/sampling_pool/v_0_0003_470.jpg
3,2,0,1909,630,20578,0,"2292,243;2242,414;2215,466;2158,683;2113,783;2134,766;2160,720;2197,612;2229,467;2263,389;2273,324;2298,260",/mnt/Zebrafish_24TB/Mahmood-Yousaf-Data/TAAM-Track-Any-Aquatic-Model/TAAM_Workspace/TAAM_Workspace/Datasets/Exp_1/sampling_pool/v_0_0003_470.jpg
4,1,0,1225,585,38746,0,"1021,226;1158,315;1195,391;1193,459;1082,499;1143,506;1191,478;1191,563;1208,581;1243,578;1241,493;1259,504;1252,522;1267,509;1253,466;1327,456;1260,445;1325,409;1269,398;1322,308;1309,300;1256,374;1231,346;1324,207;1241,325;1227,310;1209,336",/mnt/Zebrafish_24TB/Mahmood-Yousaf-Data/TAAM-Track-Any-Aquatic-Model/TAAM_Workspace/TAAM_Workspace/Datasets/Exp_1/sampling_pool/v_0_0004_616.jpg
4,2,0,1939,617,19507,0,"2294,262;2282,274;2242,414;2215,466;2158,685;2113,783;2160,720;2197,614;2228,466;2263,389",/mnt/Zebrafish_24TB/Mahmood-Yousaf-Data/TAAM-Track-Any-Aquatic-Model/TAAM_Workspace/TAAM_Workspace/Datasets/Exp_1/sampling_pool/v_0_0004_616.jpg
5,1,0,1225,570,37384,0,"1017,223;1158,314;1194,392;1193,459;1085,498;1145,505;1194,479;1189,562;1208,582;1239,581;1242,492;1259,503;1255,524;1267,510;1253,467;1327,456;1264,446;1324,410;1275,392;1327,319;1311,305;1264,376;1232,353;1326,211;1218,336",/mnt/Zebrafish_24TB/Mahmood-Yousaf-Data/TAAM-Track-Any-Aquatic-Model/TAAM_Workspace/TAAM_Workspace/Datasets/Exp_1/sampling_pool/v_0_0005_918.jpg
5,2,0,1958,622,18384,0,"2311,167;2279,182;2301,190;2287,234;2291,261;2237,429;2215,466;2157,687;2113,783;2160,720;2197,614;2228,467;2263,389;2295,244;2318,197",/mnt/Zebrafish_24TB/Mahmood-Yousaf-Data/TAAM-Track-Any-Aquatic-Model/TAAM_Workspace/TAAM_Workspace/Datasets/Exp_1/sampling_pool/v_0_0005_918.jpg
6,1,0,1227,569,36698,0,"1019,222;1148,304;1195,393;1193,459;1132,493;1086,498;1143,504;1193,478;1189,562;1207,580;1240,579;1241,493;1260,504;1254,524;1267,510;1254,467;1322,460;1264,443;1325,414;1279,391;1332,319;1319,308;1264,376;1234,349;1331,203;1217,339",/mnt/Zebrafish_24TB/Mahmood-Yousaf-Data/TAAM-Track-Any-Aquatic-Model/TAAM_Workspace/TAAM_Workspace/Datasets/Exp_1/sampling_pool/v_0_0006_833.jpg
6,2,0,1958,617,18509,0,"2294,262;2282,272;2242,414;2215,466;2157,686;2113,783;2134,766;2160,720;2197,614;2228,467;2263,389",/mnt/Zebrafish_24TB/Mahmood-Yousaf-Data/TAAM-Track-Any-Aquatic-Model/TAAM_Workspace/TAAM_Workspace/Datasets/Exp_1/sampling_pool/v_0_0006_833.jpg
7,1,0,1226,566,36714,0,"1021,220;1203,355;1198,369;1152,320;1196,393;1198,454;1083,499;1149,502;1194,478;1190,558;1208,575;1245,573;1241,493;1259,502;1253,524;1266,511;1252,467;1322,461;1260,445;1326,414;1280,392;1333,318;1320,307;1264,378;1236,345;1333,206;1219,337",/mnt/Zebrafish_24TB/Mahmood-Yousaf-Data/TAAM-Track-Any-Aquatic-Model/TAAM_Workspace/TAAM_Workspace/Datasets/Exp_1/sampling_pool/v_0_0007_801.jpg
7,2,0,1958,620,19023,0,"2310,167;2278,185;2302,192;2288,232;2291,261;2215,466;2157,686;2113,783;2160,720;2197,614;2229,466;2263,389;2291,261;2318,198",/mnt/Zebrafish_24TB/Mahmood-Yousaf-Data/TAAM-Track-Any-Aquatic-Model/TAAM_Workspace/TAAM_Workspace/Datasets/Exp_1/sampling_pool/v_0_0007_801.jpg
8,1,0,1227,563,36191,0,"1333,208;1220,334;1030,222;1205,354;1199,371;1145,324;1196,393;1200,453;1085,500;1152,500;1195,477;1193,557;1251,567;1242,493;1255,524;1254,463;1311,461;1260,440;1325,419;1281,392;1334,317;1320,306;1264,378;1237,345",/mnt/Zebrafish_24TB/Mahmood-Yousaf-Data/TAAM-Track-Any-Aquatic-Model/TAAM_Workspace/TAAM_Workspace/Datasets/Exp_1/sampling_pool/v_0_0008_690.jpg
8,2,0,1967,616,18707,0,"2310,167;2279,182;2302,191;2291,261;2242,414;2215,465;2157,686;2113,784;2160,720;2197,612;2228,467;2263,389;2273,324;2318,197",/mnt/Zebrafish_24TB/Mahmood-Yousaf-Data/TAAM-Track-Any-Aquatic-Model/TAAM_Workspace/TAAM_Workspace/Datasets/Exp_1/sampling_pool/v_0_0008_690.jpg
9,1,0,1229,558,34702,0,"1332,210;1226,332;1028,218;1205,345;1199,366;1143,321;1202,393;1188,417;1202,449;1145,489;1086,501;1153,499;1199,475;1196,553;1223,568;1258,556;1241,529;1259,512;1243,517;1242,492;1264,511;1264,452;1302,464;1261,440;1301,415;1323,421;1284,382;1336,313;1321,306;1265,374;1240,340",/mnt/Zebrafish_24TB/Mahmood-Yousaf-Data/TAAM-Track-Any-Aquatic-Model/TAAM_Workspace/TAAM_Workspace/Datasets/Exp_1/sampling_pool/v_0_0009_828.jpg
9,2,0,1973,621,18942,0,"2311,167;2279,181;2302,192;2291,261;2242,414;2215,465;2157,687;2114,784;2160,720;2197,614;2229,466;2263,389;2273,324;2317,198",/mnt/Zebrafish_24TB/Mahmood-Yousaf-Data/TAAM-Track-Any-Aquatic-Model/TAAM_Workspace/TAAM_Workspace/Datasets/Exp_1/sampling_pool/v_0_0009_828.jpg
10,1,0,1232,548,33497,0,"1027,218;1211,340;1199,361;1143,310;1204,388;1200,422;1185,419;1204,442;1130,498;1199,471;1196,546;1255,559;1264,541;1243,493;1264,505;1257,458;1303,477;1261,440;1301,415;1323,425;1302,404;1262,409;1294,393;1287,376;1336,307;1325,298;1265,371;1244,330;1333,210;1227,326",/mnt/Zebrafish_24TB/Mahmood-Yousaf-Data/TAAM-Track-Any-Aquatic-Model/TAAM_Workspace/TAAM_Workspace/Datasets/Exp_1/sampling_pool/v_0_0010_270.jpg
10,2,0,1975,627,18529,0,"2311,167;2278,185;2301,191;2291,261;2242,414;2215,465;2157,685;2113,783;2160,720;2196,614;2228,467;2263,389;2317,198",/mnt/Zebrafish_24TB/Mahmood-Yousaf-Data/TAAM-Track-Any-Aquatic-Model/TAAM_Workspace/TAAM_Workspace/Datasets/Exp_1/sampling_pool/v_0_0010_270.jpg
11,1,0,1233,549,33618,0,"1028,218;1210,334;1199,357;1143,307;1206,386;1203,450;1146,483;1162,494;1199,466;1197,542;1256,556;1256,456;1303,484;1261,434;1301,412;1322,424;1302,401;1261,409;1299,388;1284,377;1336,298;1273,365;1245,326;1334,211;1228,317",/mnt/Zebrafish_24TB/Mahmood-Yousaf-Data/TAAM-Track-Any-Aquatic-Model/TAAM_Workspace/TAAM_Workspace/Datasets/Exp_1/sampling_pool/v_0_0011_629.jpg
11,2,0,1983,628,18786,0,"2311,167;2278,185;2302,192;2287,235;2291,261;2242,414;2215,465;2157,686;2113,783;2160,720;2197,614;2228,467;2263,389;2274,323;2300,261;2295,244;2318,197",/mnt/Zebrafish_24TB/Mahmood-Yousaf-Data/TAAM-Track-Any-Aquatic-Model/TAAM_Workspace/TAAM_Workspace/Datasets/Exp_1/sampling_pool/v_0_0011_629.jpg
12,1,0,1234,544,33155,0,"1027,217;1212,330;1200,352;1149,303;1206,380;1206,412;1182,419;1207,440;1139,495;1199,465;1198,542;1261,551;1249,506;1261,450;1301,488;1261,434;1300,411;1323,425;1310,402;1262,408;1305,382;1280,377;1337,297;1320,291;1274,361;1244,326;1334,208;1227,316;1208,287;1198,305",/mnt/Zebrafish_24TB/Mahmood-Yousaf-Data/TAAM-Track-Any-Aquatic-Model/TAAM_Workspace/TAAM_Workspace/Datasets/Exp_1/sampling_pool/v_0_0012_521.jpg
12,2,0,1992,630,17790,0,"2311,167;2279,182;2302,190;2291,261;2215,466;2157,686;2113,783;2160,720;2196,614;2228,467;2263,389;2291,261;2318,198",/mnt/Zebrafish_24TB/Mahmood-Yousaf-Data/TAAM-Track-Any-Aquatic-Model/TAAM_Workspace/TAAM_Workspace/Datasets/Exp_1/sampling_pool/v_0_0012_521.jpg
13,1,0,1234,546,33181,0,"1027,217;1212,325;1199,346;1152,300;1208,374;1208,411;1181,419;1202,420;1209,441;1148,483;1161,494;1200,463;1199,540;1257,550;1267,533;1245,512;1260,450;1302,491;1264,426;1301,410;1323,424;1311,401;1263,409;1310,380;1269,387;1338,292;1320,287;1274,359;1244,324;1336,213;1227,314;1208,276;1195,301",/mnt/Zebrafish_24TB/Mahmood-Yousaf-Data/TAAM-Track-Any-Aquatic-Model/TAAM_Workspace/TAAM_Workspace/Datasets/Exp_1/sampling_pool/v_0_0013_917.jpg
13,2,0,1999,632,17783,0,"2310,166;2279,181;2302,192;2288,232;2291,261;2215,465;2157,686;2113,783;2160,720;2196,614;2228,466;2263,389;2296,242;2318,198",/mnt/Zebrafish_24TB/Mahmood-Yousaf-Data/TAAM-Track-Any-Aquatic-Model/TAAM_Workspace/TAAM_Workspace/Datasets/Exp_1/sampling_pool/v_0_0013_917.jpg
14,1,0,1236,543,32733,0,"1029,216;1159,291;1161,316;1209,375;1209,409;1180,419;1200,414;1210,437;1144,482;1162,492;1204,464;1198,540;1225,554;1262,547;1269,529;1250,512;1260,450;1305,467;1266,424;1299,410;1324,421;1312,400;1264,409;1312,378;1271,381;1336,291;1320,278;1273,357;1244,322;1333,220;1227,314;1208,303;1208,276;1205,297",/mnt/Zebrafish_24TB/Mahmood-Yousaf-Data/TAAM-Track-Any-Aquatic-Model/TAAM_Workspace/TAAM_Workspace/Datasets/Exp_1/sampling_pool/v_0_0014_212.jpg
14,2,0,2004,620,18039,0,"2310,166;2278,184;2302,192;2281,240;2291,261;2215,465;2157,686;2113,783;2160,720;2197,614;2228,466;2263,389;2297,257;2287,240;2300,240;2318,198",/mnt/Zebrafish_24TB/Mahmood-Yousaf-Data/TAAM-Track-Any-Aquatic-Model/TAAM_Workspace/TAAM_Workspace/Datasets/Exp_1/sampling_pool/v_0_0014_212.jpg
15,1,0,1237,550,33586,0,"1030,214;1158,286;1209,366;1209,409;1179,419;1199,416;1211,435;1149,482;1161,491;1205,464;1199,539;1262,546;1271,526;1249,509;1259,457;1277,460;1274,477;1293,461;1283,439;1313,461;1266,423;1301,409;1324,421;1311,398;1268,404;1320,376;1271,380;1332,283;1317,276;1273,350;1243,323;1334,222;1228,314;1186,297;1214,324;1206,339;1173,287",/mnt/Zebrafish_24TB/Mahmood-Yousaf-Data/TAAM-Track-Any-Aquatic-Model/TAAM_Workspace/TAAM_Workspace/Datasets/Exp_1/sampling_pool/v_0_0015_293.jpg
15,2,0,2004,622,17856,0,"2293,262;2282,273;2242,414;2214,467;2192,577;2157,686;2113,783;2134,766;2168,698;2217,541;2227,466;2263,389",/mnt/Zebrafish_24TB/Mahmood-Yousaf-Data/TAAM-Track-Any-Aquatic-Model/TAAM_Workspace/TAAM_Workspace/Datasets/Exp_1/sampling_pool/v_0_0015_293.jpg
16,1,0,1238,551,32692,0,"1011,208;1159,286;1209,367;1209,441;1168,467;1207,462;1204,544;1261,547;1274,526;1251,511;1260,450;1295,456;1267,435;1323,445;1269,420;1305,410;1323,425;1311,397;1267,403;1321,378;1269,377;1329,282;1310,271;1273,344;1249,341;1243,321;1334,222;1227,315;1193,299;1208,338;1161,278",/mnt/Zebrafish_24TB/Mahmood-Yousaf-Data/TAAM-Track-Any-Aquatic-Model/TAAM_Workspace/TAAM_Workspace/Datasets/Exp_1/sampling_pool/v_0_0016_725.jpg
16,2,0,2015,614,17610,0,"2292,262;2265,324;2241,416;2215,465;2157,686;2113,783;2134,766;2168,699;2217,541;2226,467;2263,389",/mnt/Zebrafish_24TB/Mahmood-Yousaf-Data/TAAM-Track-Any-Aquatic-Model/TAAM_Workspace/TAAM_Workspace/Datasets/Exp_1/sampling_pool/v_0_0016_725.jpg
17,1,0,1236,563,34250,0,"1012,207;1159,285;1208,366;1211,511;1198,533;1227,552;1262,546;1274,524;1252,509;1259,450;1296,456;1263,434;1326,426;1311,400;1269,406;1320,373;1267,383;1325,280;1310,272;1264,345;1243,319;1332,219;1224,314;1205,303;1208,286;1189,303",/mnt/Zebrafish_24TB/Mahmood-Yousaf-Data/TAAM-Track-Any-Aquatic-Model/TAAM_Workspace/TAAM_Workspace/Datasets/Exp_1/sampling_pool/v_0_0017_216.jpg
17,2,0,2030,607,16881,0,"2292,262;2242,414;2214,467;2192,577;2157,686;2113,783;2134,766;2160,721;2197,614;2226,467;2263,389",/mnt/Zebrafish_24TB/Mahmood-Yousaf-Data/TAAM-Track-Any-Aquatic-Model/TAAM_Workspace/TAAM_Workspace/Datasets/Exp_1/sampling_pool/v_0_0017_216.jpg
18,1,0,1235,559,33486,0,"1011,207;1165,294;1208,370;1208,441;1170,462;1170,480;1199,452;1204,541;1235,554;1264,546;1274,529;1251,509;1258,451;1296,456;1265,433;1301,416;1327,426;1311,403;1265,408;1320,372;1264,388;1321,276;1303,274;1275,333;1253,342;1241,324;1267,286;1246,283;1219,313;1199,277;1189,303;1171,281",/mnt/Zebrafish_24TB/Mahmood-Yousaf-Data/TAAM-Track-Any-Aquatic-Model/TAAM_Workspace/TAAM_Workspace/Datasets/Exp_1/sampling_pool/v_0_0018_450.jpg
18,2,0,2043,599,16305,0,"2291,262;2242,413;2214,467;2192,577;2157,686;2113,783;2134,766;2160,720;2197,614;2227,467;2263,389",/mnt/Zebrafish_24TB/Mahmood-Yousaf-Data/TAAM-Track-Any-Aquatic-Model/TAAM_Workspace/TAAM_Workspace/Datasets/Exp_1/sampling_pool/v_0_0018_450.jpg
19,1,0,1234,568,33754,0,"1311,269;1291,282;1264,342;1245,337;1241,322;1265,287;1255,294;1246,283;1239,303;1217,314;1199,278;1192,318;1171,281;1157,287;1206,368;1200,452;1210,503;1200,530;1220,553;1254,552;1271,535;1250,512;1256,455;1267,446;1285,463;1298,456;1263,435;1300,414;1326,425;1312,405;1263,409;1319,372;1263,389;1312,291",/mnt/Zebrafish_24TB/Mahmood-Yousaf-Data/TAAM-Track-Any-Aquatic-Model/TAAM_Workspace/TAAM_Workspace/Datasets/Exp_1/sampling_pool/v_0_0019_583.jpg
19,2,0,2047,603,16125,0,"2292,263;2265,324;2242,413;2214,467;2192,577;2157,687;2113,783;2134,766;2168,699;2217,540;2226,467;2263,389",/mnt/Zebrafish_24TB/Mahmood-Yousaf-Data/TAAM-Track-Any-Aquatic-Model/TAAM_Workspace/TAAM_Workspace/Datasets/Exp_1/sampling_pool/v_0_0019_583.jpg
20,1,0,1234,558,32423,0,"1330,215;1278,271;1290,276;1259,342;1240,323;1264,284;1246,284;1218,315;1198,276;1202,338;1171,284;1148,287;1204,368;1204,409;1188,404;1187,414;1207,430;1198,530;1215,553;1246,555;1266,540;1266,525;1247,515;1257,449;1298,461;1263,433;1299,414;1325,424;1311,406;1261,408;1313,372;1275,386;1263,376;1311,270;1290,271",/mnt/Zebrafish_24TB/Mahmood-Yousaf-Data/TAAM-Track-Any-Aquatic-Model/TAAM_Workspace/TAAM_Workspace/Datasets/Exp_1/sampling_pool/v_0_0020_706.jpg
20,2,0,2048,605,16132,0,"2292,263;2265,324;2242,413;2214,467;2157,686;2113,783;2134,766;2160,720;2197,614;2226,467;2263,389",/mnt/Zebrafish_24TB/Mahmood-Yousaf-Data/TAAM-Track-Any-Aquatic-Model/TAAM_Workspace/TAAM_Workspace/Datasets/Exp_1/sampling_pool/v_0_0020_706.jpg
21,1,0,1233,551,33117,0,"1029,226;1156,298;1203,372;1202,408;1177,398;1206,439;1169,466;1202,462;1197,537;1221,555;1257,548;1265,527;1245,514;1252,456;1264,445;1292,469;1299,460;1262,435;1299,413;1325,425;1311,405;1261,409;1311,369;1261,377;1303,293;1301,261;1333,213;1280,266;1279,304;1255,343;1238,324;1264,278;1217,312;1199,276;1187,305",/mnt/Zebrafish_24TB/Mahmood-Yousaf-Data/TAAM-Track-Any-Aquatic-Model/TAAM_Workspace/TAAM_Workspace/Datasets/Exp_1/sampling_pool/v_0_0021_220.jpg
21,2,0,2039,595,16160,0,"2292,263;2265,324;2252,387;2214,467;2192,577;2157,686;2113,783;2134,766;2160,720;2192,622;2187,614;2197,614;2227,467;2263,389",/mnt/Zebrafish_24TB/Mahmood-Yousaf-Data/TAAM-Track-Any-Aquatic-Model/TAAM_Workspace/TAAM_Workspace/Datasets/Exp_1/sampling_pool/v_0_0021_220.jpg
22,1,0,1230,558,34101,0,"1010,225;1050,260;1148,296;1204,376;1199,412;1175,398;1205,441;1154,488;1199,455;1197,540;1256,547;1253,454;1276,447;1292,469;1300,458;1263,434;1297,412;1324,425;1314,404;1261,409;1306,366;1261,375;1305,279;1292,261;1334,213;1271,271;1277,304;1255,344;1238,323;1267,291;1264,273;1228,311;1198,275;1204,303;1188,309",/mnt/Zebrafish_24TB/Mahmood-Yousaf-Data/TAAM-Track-Any-Aquatic-Model/TAAM_Workspace/TAAM_Workspace/Datasets/Exp_1/sampling_pool/v_0_0022_405.jpg
22,2,0,2048,603,16155,0,"2293,263;2265,324;2242,413;2214,467;2192,577;2157,687;2114,782;2134,767;2169,695;2192,622;2187,614;2196,613;2217,542;2227,467;2263,389",/mnt/Zebrafish_24TB/Mahmood-Yousaf-Data/TAAM-Track-Any-Aquatic-Model/TAAM_Workspace/TAAM_Workspace/Datasets/Exp_1/sampling_pool/v_0_0022_405.jpg
23,1,0,1230,560,34214,0,"1008,240;1138,295;1149,328;1204,372;1199,413;1175,399;1205,440;1153,488;1199,456;1195,538;1218,552;1254,546;1256,447;1286,449;1293,468;1301,454;1267,429;1299,412;1324,426;1309,403;1261,408;1302,360;1261,367;1303,278;1296,260;1334,213;1280,262;1255,342;1239,322;1271,287;1264,275;1225,311;1199,274;1205,303;1191,309",/mnt/Zebrafish_24TB/Mahmood-Yousaf-Data/TAAM-Track-Any-Aquatic-Model/TAAM_Workspace/TAAM_Workspace/Datasets/Exp_1/sampling_pool/v_0_0023_387.jpg
23,2,0,2067,601,16147,0,"2291,262;2242,413;2214,467;2157,687;2114,781;2134,767;2160,720;2190,630;2187,614;2197,613;2227,467;2263,389",/mnt/Zebrafish_24TB/Mahmood-Yousaf-Data/TAAM-Track-Any-Aquatic-Model/TAAM_Workspace/TAAM_Workspace/Datasets/Exp_1/sampling_pool/v_0_0023_387.jpg
24,1,0,1231,556,33582,0,"1008,249;1135,293;1143,324;1205,371;1199,413;1175,397;1207,429;1186,461;1199,452;1205,503;1188,523;1211,547;1255,542;1265,526;1246,507;1263,434;1300,412;1326,421;1304,400;1264,411;1264,391;1303,359;1264,378;1262,365;1302,281;1299,261;1334,218;1280,262;1273,284;1254,289;1246,277;1227,307;1199,274;1204,303;1187,306",/mnt/Zebrafish_24TB/Mahmood-Yousaf-Data/TAAM-Track-Any-Aquatic-Model/TAAM_Workspace/TAAM_Workspace/Datasets/Exp_1/sampling_pool/v_0_0024_385.jpg
24,2,0,2080,583,15875,0,"2293,262;2282,272;2251,388;2215,465;2157,687;2114,782;2134,766;2160,720;2192,622;2187,614;2197,614;2228,467;2263,389",/mnt/Zebrafish_24TB/Mahmood-Yousaf-Data/TAAM-Track-Any-Aquatic-Model/TAAM_Workspace/TAAM_Workspace/Datasets/Exp_1/sampling_pool/v_0_0024_385.jpg
25,1,0,1231,556,34416,0,"999,250;1135,291;1145,324;1205,367;1204,402;1177,397;1207,431;1165,462;1206,460;1206,504;1191,520;1207,539;1260,536;1266,521;1248,503;1261,438;1286,446;1292,468;1302,457;1267,425;1328,420;1310,399;1263,399;1300,355;1262,365;1304,256;1335,222;1254,289;1246,273;1228,305;1199,274;1203,299;1188,304",/mnt/Zebrafish_24TB/Mahmood-Yousaf-Data/TAAM-Track-Any-Aquatic-Model/TAAM_Workspace/TAAM_Workspace/Datasets/Exp_1/sampling_pool/v_0_0025_572.jpg
25,2,0,2080,576,16063,0,"2292,262;2282,272;2242,413;2215,465;2157,688;2113,783;2134,766;2160,720;2192,622;2187,614;2197,614;2227,467;2263,389",/mnt/Zebrafish_24TB/Mahmood-Yousaf-Data/TAAM-Track-Any-Aquatic-Model/TAAM_Workspace/TAAM_Workspace/Datasets/Exp_1/sampling_pool/v_0_0025_572.jpg
26,1,0,1231,561,34327,0,"1262,533;1269,518;1251,505;1258,440;1286,445;1292,467;1301,458;1264,422;1301,411;1328,419;1308,396;1264,399;1302,351;1265,371;1262,355;1303,258;1336,223;1280,261;1273,282;1223,298;1199,273;1194,302;993,249;1140,293;1141,316;1206,369;1203,403;1177,392;1208,422;1180,451;1189,463;1199,447;1207,460;1196,520;1226,541",/mnt/Zebrafish_24TB/Mahmood-Yousaf-Data/TAAM-Track-Any-Aquatic-Model/TAAM_Workspace/TAAM_Workspace/Datasets/Exp_1/sampling_pool/v_0_0026_711.jpg
26,2,0,2077,571,16140,0,"2292,262;2282,272;2242,413;2215,465;2157,687;2113,783;2134,766;2160,720;2197,614;2228,467;2263,389",/mnt/Zebrafish_24TB/Mahmood-Yousaf-Data/TAAM-Track-Any-Aquatic-Model/TAAM_Workspace/TAAM_Workspace/Datasets/Exp_1/sampling_pool/v_0_0026_711.jpg
27,1,0,1231,562,34243,0,"1262,532;1268,514;1250,503;1258,439;1284,444;1292,467;1299,458;1265,419;1330,414;1309,386;1265,396;1266,379;1302,352;1264,372;1304,255;1337,223;1279,260;1255,334;1240,310;1270,287;1265,275;1221,298;1198,271;1188,299;993,249;1141,292;1143,314;1207,370;1207,434;1178,451;1205,451;1201,520;1226,538",/mnt/Zebrafish_24TB/Mahmood-Yousaf-Data/TAAM-Track-Any-Aquatic-Model/TAAM_Workspace/TAAM_Workspace/Datasets/Exp_1/sampling_pool/v_0_0027_461.jpg
27,2,0,2083,561,15976,0,"2292,262;2264,324;2241,415;2214,467;2157,687;2113,783;2134,766;2160,721;2197,614;2228,467;2264,387",/mnt/Zebrafish_24TB/Mahmood-Yousaf-Data/TAAM-Track-Any-Aquatic-Model/TAAM_Workspace/TAAM_Workspace/Datasets/Exp_1/sampling_pool/v_0_0027_461.jpg
28,1,0,1231,562,33755,0,"1262,530;1269,514;1250,498;1258,438;1284,444;1292,468;1299,456;1263,418;1331,414;1305,401;1265,406;1262,355;1303,255;1337,223;1276,262;1255,333;1239,308;1268,273;1217,298;1198,272;1199,293;1187,297;1000,249;1141,292;1205,364;1208,431;1176,451;1204,452;1204,520;1226,535",/mnt/Zebrafish_24TB/Mahmood-Yousaf-Data/TAAM-Track-Any-Aquatic-Model/TAAM_Workspace/TAAM_Workspace/Datasets/Exp_1/sampling_pool/v_0_0028_175.jpg
28,2,0,2084,550,15479,0,"2293,262;2264,324;2242,413;2214,467;2157,687;2114,783;2160,721;2188,641;2228,467;2264,387",/mnt/Zebrafish_24TB/Mahmood-Yousaf-Data/TAAM-Track-Any-Aquatic-Model/TAAM_Workspace/TAAM_Workspace/Datasets/Exp_1/sampling_pool/v_0_0028_175.jpg
29,1,0,1232,561,33599,0,"1339,216;1259,280;1218,299;1199,273;1191,297;1140,282;1205,366;1202,400;1177,395;1208,419;1201,440;1210,496;1200,510;1219,532;1251,534;1271,520;1249,498;1263,433;1288,447;1292,468;1298,461;1293,440;1264,419;1331,415;1309,401;1263,401;1300,381;1321,386;1320,377;1301,369;1264,391;1261,376;1300,256",/mnt/Zebrafish_24TB/Mahmood-Yousaf-Data/TAAM-Track-Any-Aquatic-Model/TAAM_Workspace/TAAM_Workspace/Datasets/Exp_1/sampling_pool/v_0_0029_273.jpg
29,2,0,2106,548,15318,0,"2293,262;2264,324;2242,414;2215,465;2157,687;2114,783;2129,773;2160,720;2188,641;2228,467;2264,387",/mnt/Zebrafish_24TB/Mahmood-Yousaf-Data/TAAM-Track-Any-Aquatic-Model/TAAM_Workspace/TAAM_Workspace/Datasets/Exp_1/sampling_pool/v_0_0029_273.jpg
30,1,0,1231,558,34269,0,"1264,530;1257,438;1285,443;1292,467;1298,456;1261,419;1332,414;1306,400;1264,406;1323,375;1294,366;1302,346;1264,366;1262,346;1295,255;1334,216;1218,302;1198,271;1199,326;1152,271;1132,281;997,242;1145,285;1205,372;1207,430;1155,477;1201,444;1205,520;1232,535",/mnt/Zebrafish_24TB/Mahmood-Yousaf-Data/TAAM-Track-Any-Aquatic-Model/TAAM_Workspace/TAAM_Workspace/Datasets/Exp_1/sampling_pool/v_0_0030_661.jpg
30,2,0,2115,537,14964,0,"2292,262;2263,324;2242,413;2214,466;2157,687;2113,782;2134,766;2160,720;2217,541;2227,467;2263,389",/mnt/Zebrafish_24TB/Mahmood-Yousaf-Data/TAAM-Track-Any-Aquatic-Model/TAAM_Workspace/TAAM_Workspace/Datasets/Exp_1/sampling_pool/v_0_0030_661.jpg
31,1,0,1230,558,34744,0,"1264,530;1271,514;1251,498;1257,438;1286,443;1292,466;1298,456;1262,418;1332,414;1305,400;1264,407;1265,394;1323,371;1296,365;1302,345;1265,366;1260,349;1296,276;1289,255;1339,206;1218,302;1198,273;1200,327;1161,270;1152,284;984,239;1159,298;1197,349;1207,422;1151,467;1152,485;1208,450;1206,521;1227,535",/mnt/Zebrafish_24TB/Mahmood-Yousaf-Data/TAAM-Track-Any-Aquatic-Model/TAAM_Workspace/TAAM_Workspace/Datasets/Exp_1/sampling_pool/v_0_0031_915.jpg
31,2,0,2112,533,15226,0,"2292,262;2264,324;2242,413;2214,466;2157,687;2114,782;2133,767;2160,720;2197,614;2227,467;2263,389",/mnt/Zebrafish_24TB/Mahmood-Yousaf-Data/TAAM-Track-Any-Aquatic-Model/TAAM_Workspace/TAAM_Workspace/Datasets/Exp_1/sampling_pool/v_0_0031_915.jpg
32,1,0,1229,559,35197,0,"986,239;1160,296;1196,350;1206,430;1142,472;1146,487;1199,443;1207,525;1230,538;1264,531;1271,514;1250,499;1257,437;1285,441;1292,463;1300,455;1262,419;1331,415;1304,400;1264,407;1264,395;1324,371;1295,369;1264,390;1259,349;1295,277;1284,255;1332,202;1218,302;1199,274;1188,303;1162,267;1152,286",/mnt/Zebrafish_24TB/Mahmood-Yousaf-Data/TAAM-Track-Any-Aquatic-Model/TAAM_Workspace/TAAM_Workspace/Datasets/Exp_1/sampling_pool/v_0_0032_730.jpg
32,2,0,2094,532,15603,0,"2292,262;2264,324;2242,413;2214,467;2157,686;2114,783;2134,766;2160,720;2197,614;2228,467;2263,389",/mnt/Zebrafish_24TB/Mahmood-Yousaf-Data/TAAM-Track-Any-Aquatic-Model/TAAM_Workspace/TAAM_Workspace/Datasets/Exp_1/sampling_pool/v_0_0032_730.jpg
33,1,0,1228,559,35129,0,"980,234;1161,295;1196,351;1206,429;1143,472;1152,487;1199,442;1205,525;1227,540;1260,535;1271,517;1249,503;1258,435;1301,461;1261,419;1331,415;1303,401;1264,408;1325,371;1264,382;1295,349;1258,354;1295,277;1273,260;1331,193;1218,302;1194,276;1190,307;1171,269;1152,287",/mnt/Zebrafish_24TB/Mahmood-Yousaf-Data/TAAM-Track-Any-Aquatic-Model/TAAM_Workspace/TAAM_Workspace/Datasets/Exp_1/sampling_pool/v_0_0033_223.jpg
33,2,0,2096,530,15263,0,"2293,262;2264,324;2242,414;2214,467;2157,687;2113,782;2128,774;2160,720;2216,545;2228,467;2263,389",/mnt/Zebrafish_24TB/Mahmood-Yousaf-Data/TAAM-Track-Any-Aquatic-Model/TAAM_Workspace/TAAM_Workspace/Datasets/Exp_1/sampling_pool/v_0_0033_223.jpg
34,1,0,1229,564,35168,0,"1266,261;1217,303;1199,276;1187,303;1171,270;1162,293;1197,355;1189,375;1201,387;1205,431;1162,456;1150,483;1199,441;1208,461;1199,518;1226,542;1255,539;1271,522;1249,504;1258,438;1276,437;1301,461;1294,441;1263,419;1332,414;1264,405;1326,372;1263,379;1292,354;1282,350;1264,368;1258,356;1293,280",/mnt/Zebrafish_24TB/Mahmood-Yousaf-Data/TAAM-Track-Any-Aquatic-Model/TAAM_Workspace/TAAM_Workspace/Datasets/Exp_1/sampling_pool/v_0_0034_644.jpg
34,2,0,2106,538,15028,0,"2291,262;2264,324;2242,414;2214,466;2157,687;2114,782;2134,766;2160,720;2197,615;2227,467;2264,387",/mnt/Zebrafish_24TB/Mahmood-Yousaf-Data/TAAM-Track-Any-Aquatic-Model/TAAM_Workspace/TAAM_Workspace/Datasets/Exp_1/sampling_pool/v_0_0034_644.jpg
